2.142603194262759220e-02,8.209927729195745649e-02,-5.407939792638689208e-02,7.661195922466182417e-03,-5.046595331457280967e-03,1.508220864751674481e-02,-1.669567021066495002e-02,2.716419910634562673e-02,6.712182289682316894e-02,-3.645667216325261528e-02,-1.922378317661781189e-02,1.154122362588765049e-03,-5.324504721197605150e-02,1.002189640324348957e-02,1.356489852448563432e-02,-6.006399743123656820e-02,-5.330968657413077960e-02,-1.080581542319878144e-02,-4.523506535173578424e-02,-8.671826867001342781e-03,1.381989628581964044e-02,7.974982181582492002e-02,1.390905196448892663e-02,8.128233316008934284e-02,3.668495884559152403e-02,-1.966461909564953814e-02,-2.996943372460796409e-02,4.127726549276065221e-02,1.743619016656386064e-02,1.509384471754512957e-02,3.755223269285929560e-02,3.719401990607860975e-02,1.623355437947017477e-02,5.845783887541297630e-02,2.736148166124723058e-02,7.896981934838898098e-02,-5.199851793404351025e-03,-2.763796959198044564e-03,1.590647101249691858e-02,-1.456001138203441569e-02,-3.960923986824904652e-02,6.927450608656731713e-03,-2.491577945307572178e-02,-1.356254355117166369e-02,2.197896294416867846e-02,3.331824818630864382e-02,-4.209553916757292034e-03,-1.894065261422140517e-02,-2.123795789489615893e-02,1.043434931143284424e-03,-2.559293043594307662e-02,-2.818630363281913326e-02,7.477490644250705566e-03,-6.740407007246684845e-02,-3.879403452268052194e-02,-2.889802767585766125e-02,-3.454074184607540312e-03,-5.588539235688421911e-03,-5.936293264071319797e-02,-4.876910150522826420e-02,-2.324088440275001027e-02,4.653519844790501153e-02,5.578486328593304164e-03,1.199250843166254320e-02,-1.742658764962813807e-03,4.598380354880826637e-02,-4.509986774738745929e-03,-1.556405815533577590e-02,3.911077195347876373e-02,-1.110151718228899985e-02,2.920543452120142117e-02,-3.479322875329486642e-02,-7.751325783760329435e-02,7.044969976948201908e-03,2.296878978027611790e-02,7.526809506092520252e-02,8.113650100475541804e-02,8.911881354439471492e-02,1.054832050244937508e-01,1.061656733104674039e-01
3.003421502135081300e-02,-9.944791914173370384e-03,-6.097383821337270388e-03,2.247959109643545006e-02,-1.253509098837385718e-02,6.169978081376892298e-02,4.034841411227085145e-02,2.478197696143328438e-02,2.340799884599713970e-03,-2.258874827186928627e-02,-6.330995409551988529e-02,5.133325745308101040e-04,-9.979520319298895020e-03,3.091959048050626352e-02,-1.032435921909544661e-02,2.578462419177354401e-02,-4.019513837675692258e-02,-7.912618179986860567e-02,-9.152463367981922282e-03,6.811013118402375888e-03,5.263950395661234211e-02,-1.133415663363688403e-02,-1.194798427672721583e-02,-2.682327849305656160e-03,9.442552774009170882e-04,-5.507098535822874119e-02,4.808119787412422352e-02,-3.770794047876886712e-02,5.728461950969575278e-02,-1.361114054213435030e-02,-3.111856384972274195e-03,-4.866911316890430717e-02,-1.811078098745950299e-02,-5.118668190619259789e-03,3.204524671682625059e-02,-3.360097365331605329e-02,8.714197815664417868e-03,-4.724345987237592998e-02,-1.255819655104487877e-02,-2.115231180572536493e-02,4.471937114195113916e-02,3.772536490741286441e-02,-3.154176133695379275e-02,-9.479178289627694654e-03,4.361876671728895372e-03,4.322837198556109262e-02,-1.654553356843994211e-02,-1.219339663584947768e-02,-1.035122969804635334e-02,7.095153957651301191e-02,-5.570764897716961456e-02,3.854198968556899266e-03,-1.183557153693481565e-02,-6.401381823793714232e-02,-1.864559609475831617e-02,-4.600126927732661047e-03,6.709979667681179039e-02,-7.238869493064235480e-03,-9.854556293532017175e-02,-1.944913598413743061e-02,9.205780370320989364e-03,2.373173690879237102e-02,5.980612776259291996e-02,3.910714479114421778e-03,-7.186687042558564942e-02,3.616128637774037452e-02,-2.017411256483725088e-03,-4.666096982461351989e-02,-8.654058451455556855e-02,3.580107709970969249e-02,-6.045740908765732946e-02,6.095031158335637023e-02,-1.126444524818880077e-01,-4.681789623804775632e-03,4.356890924228721401e-02,7.179333804422534382e-02,8.285811751600775932e-02,1.034595490813797064e-01,9.814013770549159799e-02,1.045117910850742599e-01
-1.123123640977799834e-02,2.727263311211089794e-02,2.438670473169229913e-03,-2.757074228177232647e-02,-2.037919037944616388e-02,5.965115364822522886e-02,-3.598794890586545087e-02,-1.018190971425674343e-02,8.003872418687009438e-02,5.023186472376821310e-02,1.323795673650546637e-02,-2.379137674381759382e-02,-1.524871126974827740e-02,4.681964352797022416e-02,2.282147938034156595e-02,2.863755050918086187e-02,4.517693866907022959e-02,-1.137390923532275756e-02,4.159798525422096077e-02,5.600840433895566683e-02,5.049203617736107430e-02,2.814342266784410074e-02,2.766440301131449161e-02,-3.125557761319600059e-02,-1.618673889632870483e-02,-1.142605122021573584e-02,2.196820246999132975e-02,-1.809290413973817235e-02,3.943864857767394316e-02,3.182682279407327702e-02,-5.099254497786536063e-03,-1.151757957680160302e-02,2.851704647155974340e-02,1.172592420673894235e-02,-2.249506335446628882e-02,1.097505959597064274e-03,-5.121342396950745446e-02,-1.007728208557416398e-02,-1.348817648484987586e-01,7.825894138927686969e-03,-2.846172025979933073e-02,2.303924456087210262e-03,1.228552110158739885e-02,1.872850421945548502e-02,-2.712844166933128798e-02,2.371662797394754468e-02,-2.587993163416397319e-02,3.253554892171012930e-02,3.325178843738200302e-02,1.943362874927644091e-02,3.711767637573647888e-02,-4.281472396231269378e-02,1.674277867737325454e-02,-4.511732748614002975e-02,-7.585395203907352793e-03,9.256395758515468045e-04,3.866606545924534261e-02,-6.636257829787638174e-02,-3.093296674739406255e-02,3.016609593198526715e-02,-6.201306794636962313e-04,3.497714827234293944e-03,5.246544467782561505e-04,-3.416967888134679610e-02,-8.077857650785461030e-03,-2.253294199146958082e-02,1.895602211540326626e-02,-3.299335220760347964e-02,-2.587733294640332318e-02,-5.537972627544186094e-02,2.045937668555139477e-02,2.286560331144831155e-03,-1.599671036810238200e-01,-1.027843459838636599e-02,6.549900621385015831e-02,8.363704458527779217e-02,9.702059231954586471e-02,1.260471843098836531e-01,1.310903031103913541e-01,1.314889116749932141e-01
-2.831770265078380200e-02,-6.370961174990793195e-03,4.492112126966706781e-02,4.669424109777376569e-03,7.513326495301703156e-02,-3.783461356606820231e-02,2.072639410123691683e-02,-3.617076520337718371e-02,5.000735744573907987e-02,-5.628669616072803916e-02,2.718868642050834006e-02,2.992333008208373016e-02,1.002673762662284994e-02,2.808898884666426871e-02,9.381120405392517035e-04,-5.345670301405167774e-02,1.887859920202182877e-03,4.483057486172416228e-02,-6.855663359546497471e-02,1.072202008689172002e-02,-8.234449428856678924e-03,-5.604102720334833143e-04,1.927570723750161863e-02,5.408308662255364996e-02,-2.537209576004934193e-03,3.096849504649007434e-02,1.046619219788964134e-01,7.445606160010310136e-04,-2.494178381540790995e-02,1.304058792145292890e-02,-5.801996133992703454e-03,1.179949234515104660e-02,1.306408809530331012e-02,1.633399228396829189e-02,6.113455024201120552e-03,2.922697676632378741e-02,-3.479009104598941582e-02,-1.046915200977557858e-02,1.867184807870574462e-02,8.461288174736486967e-05,-6.708406453521734147e-02,-1.236988934659856952e-03,-3.823287617706554870e-02,3.888939102856078800e-02,-1.124599532255123047e-01,4.352890263536481064e-02,2.588791615434698438e-04,2.127250519068457982e-02,3.270054084102613431e-03,-3.672961734978204967e-02,1.218770948193684603e-02,-2.965459205708556936e-02,1.416956156920499803e-02,-8.055423394974080709e-04,3.826407163301728115e-02,4.399882658107232003e-02,-2.497274786680802813e-02,-8.339395474764112193e-02,-6.407292806384906614e-02,3.469574268971282321e-02,-1.361658476833783361e-03,-2.183272185182709435e-02,-6.749389563348949517e-02,1.143171610402795614e-02,1.447710008980519422e-02,3.671578273883056159e-02,-1.077479046963563357e-03,-9.668410360764241943e-03,-4.818245860835333044e-02,-3.183918705132827986e-02,-1.101602056498812016e-02,-5.134724145197419598e-02,-1.427447759306598729e-01,-1.256530391526984938e-02,5.048475317287926672e-02,8.462807946045781959e-02,9.848730237470665339e-02,1.195478537667420543e-01,1.274850192108530622e-01,1.235908300577997637e-01
1.547877787818639252e-02,-1.864108485641432708e-02,1.588890114873795639e-02,1.001966898760703883e-01,-2.986587414669505947e-02,2.830729808064356631e-02,-1.702176199217182717e-02,-3.963349001176814934e-02,-2.457238183545966403e-02,1.499492179039406230e-02,3.326459916008423640e-02,3.571032357408879254e-02,1.144377976700817340e-02,1.680448385578438286e-03,-7.392134672258141026e-02,-4.644382797755891579e-02,6.625343517841632973e-03,-1.412310892987653568e-02,-3.930204483781877395e-02,-1.208698200712448115e-02,-2.722422204296484627e-03,3.892570505803810699e-02,3.490439093082822047e-02,-3.738377346708342958e-02,1.152048543977055722e-02,-3.427786276256021558e-02,-2.535828648971907850e-04,-5.858755510250656523e-02,-1.471397033892843549e-03,-1.579686410088204998e-03,-2.584220549665399921e-02,-1.563590955182733722e-02,-4.005678595657510138e-02,7.046592932455996057e-03,7.237519467232206294e-02,-2.619642831457535265e-02,2.864039245285227714e-02,-3.502856272188856201e-02,2.059110154666722418e-03,-6.597556431812368928e-03,1.986117965986880507e-02,1.887042021933029627e-03,-5.355132091595869032e-02,6.363180303906293758e-03,1.314599900412449437e-02,7.302618691311308849e-03,3.001186617082537977e-02,-3.301760065900551794e-02,-1.524581878355644841e-02,6.512499651089677377e-02,1.298666510149278260e-02,1.031789981327066105e-02,5.980579912981873192e-02,1.417494085251971847e-02,3.427957604904328937e-02,-3.977737570936232953e-02,5.514545458860990734e-02,4.279959292345828642e-02,-6.403836944351998239e-02,-1.204876615587317235e-01,-3.577036866817130678e-02,6.297941625266560706e-02,1.434470439890308396e-04,4.208254080580967060e-02,-6.434434113058980220e-02,7.973396584462531800e-02,-2.206113837794314650e-02,2.022686786716457880e-02,-8.460712869311931561e-02,1.001018677058213707e-01,-4.508076672680554065e-02,-5.485051826324153362e-02,-7.158902590055886417e-02,6.465702446013053134e-03,3.976090360739475450e-03,3.322927291675862455e-02,5.971697861490819076e-02,7.229185740871778287e-02,8.703380972155204398e-02,9.946226037304592427e-02
-6.392419080758056371e-03,1.441110954457499108e-02,-8.914267287135027584e-03,-5.478880561032680591e-03,-3.463660074237515096e-02,-2.313381689275386538e-03,1.142521812866474813e-02,-2.977694982188975031e-03,5.202769993203235077e-02,1.723005078589955399e-02,2.814591283730034574e-02,-1.774038434233351363e-02,3.334446312980800242e-02,3.599045925869340939e-02,3.298579123269738955e-02,4.101165379804136424e-02,-2.128640607067340193e-03,4.993991042875770350e-03,5.445479268769303285e-03,-3.076126818510522415e-02,1.443134149609999473e-02,-2.839795031270139769e-02,6.666715562149619356e-02,6.262297682216581840e-02,3.829707092417149183e-02,-2.424246799348996756e-02,-6.867828876653632800e-03,-2.765785076161621052e-03,-1.376380197658894425e-02,2.332988215122929615e-02,6.631777514955627950e-02,5.168161094765856556e-02,1.425900052576791199e-01,-5.740019731625671355e-03,5.441381433261902045e-02,-4.848556971762650603e-02,4.419126887959709885e-03,1.709157154581843197e-02,-3.205969463621138882e-02,-3.815599249165440437e-02,-5.315801185952217373e-02,-2.160752512081248744e-02,-1.240644696422903495e-02,-3.686849376629341979e-02,-9.239280884225960222e-02,7.404524801773580689e-03,-3.441172042560922129e-02,3.906153149311593353e-03,3.963320781225020129e-02,5.921749178622925935e-02,3.317120238950012345e-02,2.181955352100491477e-02,3.766241985979975476e-02,-1.977492566915713124e-04,2.099060787617167828e-02,3.119061135738728299e-02,1.234341054816597005e-02,-1.198548982583541242e-03,-2.549433597155529099e-02,-1.037103495438633852e-03,1.584844988925565579e-02,-5.365592807375439699e-02,-1.047541239287228393e-01,3.268708574926330185e-02,2.737326260322740790e-02,-2.578240331186364837e-02,5.055810022427911950e-03,5.530113187285810167e-02,-2.030506012899461685e-02,3.116903781092986592e-03,-1.171849207354023516e-02,-6.715133814809291779e-02,-9.208599792812394158e-02,-2.088450124660716153e-02,5.094866573169206520e-03,3.683611157811769732e-02,4.196041994976709710e-02,8.254833668735225838e-02,9.073932754115765498e-02,9.339943832584521322e-02
-5.176723230523097574e-02,6.426616907557086700e-02,2.149440195268242405e-03,2.351806318387892128e-02,2.716252717410541986e-02,-5.500430695426623134e-02,1.252679984741931520e-02,2.042214489393422844e-02,-1.115161598696709638e-01,-6.169310820675563863e-03,1.107761123828264471e-02,7.050042226965191894e-02,4.118223840246384299e-02,6.153127297036099091e-02,-6.113293817061619950e-02,3.853174676701742740e-02,1.773447017206868440e-02,-6.420841281992756278e-02,-3.826969686773232932e-02,3.355519929168695320e-02,-2.954366558109494667e-02,-2.741141185498172268e-03,9.226159380901977763e-03,8.873147282372571137e-04,1.347023725439680519e-02,-1.479183386399209391e-02,-5.345234217809535088e-02,7.286218907875820217e-03,2.309804967961843689e-02,4.420068990189897178e-03,1.076864691770575665e-02,-2.326020034838833725e-02,-1.300589056370209801e-02,-2.285507218608023167e-02,1.690139928449108835e-03,-5.017758075770708398e-02,6.343893134866120109e-02,1.675169155243291796e-02,-1.671110465823618177e-02,1.041674655858592854e-02,-9.392211622879207550e-03,3.010104343966180096e-02,1.511390865765622343e-02,1.184394108131283513e-02,8.425051673127875729e-02,-1.358471304736124687e-02,-3.168989475037618103e-02,-6.727118729511869129e-03,-2.087652930715365451e-02,4.483962619779640474e-02,-1.520770354840667547e-02,-2.976644501909976939e-02,4.619006955374448976e-03,-2.210029185001668312e-02,4.260864051157355753e-02,-9.753000765804331618e-02,9.885143279579854114e-02,4.998535663732477097e-02,5.617164660859187697e-03,3.291074143018421060e-03,-1.223380446445484354e-02,-3.186838332690664771e-02,2.056855304801517501e-02,-3.545665251336329454e-02,3.980145601134691541e-02,-2.822050766550394767e-03,-5.624188680203834681e-03,2.847071452746268577e-02,-2.513420173408086392e-02,3.171635016781483574e-02,1.035178388987911292e-02,6.437029572880528794e-02,-1.325508886848088541e-01,-7.078283056864199951e-02,7.636269095588496536e-02,1.193943547450477677e-01,1.097671485724776991e-01,1.288374486194323321e-01,1.253528001088125843e-01,1.127644896954296816e-01
-5.141973955328221768e-02,1.699035039285805640e-02,-1.084853013695393810e-02,-3.456452580883891384e-03,-3.515680023509948956e-03,-7.323452608269125433e-03,1.741423720821456619e-02,2.557906322605291161e-02,-3.352335366999663335e-02,-3.364668700849898861e-03,4.377712508110490064e-02,-4.516872245771915741e-03,3.448314350383473170e-02,3.890663271221771191e-02,-1.975230638827290414e-02,8.992246996683784729e-03,7.816182946211282234e-02,-1.686293765820661567e-02,-2.938806564316592818e-02,1.624193375360676039e-02,-8.772070993944254894e-03,-4.929251414491877398e-02,3.654322488672669123e-02,-2.201471366913110989e-02,-7.630678810101896269e-03,-2.805306034263848822e-02,-4.801991247611516606e-02,-3.275527443329159100e-02,-1.518316530779201083e-02,3.874676248933377198e-02,1.819058843675308568e-02,3.173459479135404965e-02,-3.093813151188740465e-02,3.208236885112720344e-02,3.185295986003309349e-02,9.815413096218991371e-04,-1.474462218496413318e-02,-3.969710587188864798e-02,2.763184410591402324e-02,1.476211313827562304e-03,-1.982772551992455223e-02,2.364879222624176325e-02,-8.029859378367971978e-02,7.521838062380986970e-03,8.413174106193757606e-03,2.188862289815252798e-02,-2.760139301179751620e-02,-3.954232424078172464e-02,3.147863348746356149e-02,6.431375790819135463e-02,1.117054467894921903e-02,5.359449620748760190e-02,5.421797968792432115e-02,1.878203607534584610e-02,-2.975368328981396054e-02,-3.788391217057977128e-02,6.629204642342251264e-02,-5.456066578780180421e-02,-4.801190324126642511e-03,2.110465243529575236e-02,-2.364992721300943068e-02,3.174167493735332440e-03,5.553159570335335603e-03,-1.609458015116329438e-02,7.197607159964571066e-02,2.353690127217108324e-02,-9.895608705439439684e-03,-2.176190205617093212e-02,-3.327237178648398408e-02,-7.081312284642170274e-02,-7.879132876230433846e-02,8.364473236353436869e-02,-1.091092912310151347e-01,7.034713657123351123e-03,5.741003789361055071e-02,6.196296245411354181e-02,7.115988985579585480e-02,7.737114517198814823e-02,8.736564311648144232e-02,1.010969408473332415e-01
3.403849470495110691e-02,-9.188990881180833514e-02,7.301387749760786250e-02,3.639340539098709360e-02,-2.523252221977526077e-02,1.620011756175934736e-02,-6.270934281883062174e-04,9.052205940133716336e-03,-1.065616643238974925e-01,1.273231199423406276e-03,4.812864711987342725e-02,-1.146101657560209472e-03,-6.028035692438343807e-02,2.995485605721701083e-02,-1.481309344578612269e-03,-1.663833716514595204e-02,-2.759279203459147692e-02,4.100793622494976892e-02,3.854702040993372020e-02,-8.114541179618499356e-02,4.230556807765196992e-02,-6.511189070924921010e-03,-1.087047589288504534e-01,9.887888642207492973e-02,-3.330227298438908409e-03,-8.088822492483163651e-02,-3.748163127807425249e-02,-9.349384305161960451e-02,7.466286906575349269e-02,6.379314422091594827e-02,-3.697363655865469612e-02,-2.988526981300694552e-02,5.307765337895635482e-02,-7.058696001529558839e-02,-6.899238429030858655e-02,-3.970110252576736914e-02,-5.259179520101315425e-03,-1.066330880315885243e-01,2.504828446557248733e-02,2.980618219355875460e-03,-6.621673478558093295e-02,1.575203136633789719e-02,2.173535696551889829e-02,6.569609523572604234e-03,-7.653917426487928666e-02,1.570913257013064820e-02,-1.550126620664859980e-03,1.138897364426346044e-02,-2.994650549437228096e-03,-1.399772062034186637e-02,-9.667622016560323273e-03,3.262916541054509956e-02,1.722173834283959731e-02,-1.296800263747322976e-02,2.710632056937949119e-02,-3.095190495218597473e-02,-1.847041052328338498e-03,3.213402250607039906e-02,-4.098672911558712967e-02,-1.254579290142757847e-02,4.764934980772739942e-02,5.246487523452754431e-05,4.105345215488233335e-02,-1.092082852428203146e-02,-1.690688576633360418e-02,2.200746219769214584e-02,4.664535597831512281e-02,-8.867216558628338019e-02,8.471446903166200346e-03,4.542534711529489649e-02,-6.938804145547317059e-02,6.625766298959227807e-02,-9.942514089863876969e-02,-5.721343737124998108e-02,3.321135660386075744e-02,9.962114903140395494e-02,1.086875394998779443e-01,1.097566568289311539e-01,1.096715959868524576e-01,1.191177164607299110e-01
7.515344783014771268e-03,-3.314677524924250496e-02,7.157139310035856225e-03,2.198216473595624321e-03,3.904854672120674358e-02,-5.637292485265622127e-02,4.856235230581477068e-03,-1.931736987680408857e-02,1.675032673673295530e-02,2.353692556238108635e-02,-2.701265401489282708e-02,8.009043154632402781e-03,7.220303148298685796e-04,-6.774157101926939206e-02,-5.627877324652802438e-02,-7.025737722391638129e-02,9.189316782219471378e-04,-1.040849405034971302e-02,4.400416584023778693e-02,-4.297350287640536171e-02,-4.674412684959210890e-02,9.679159314829677285e-02,-5.059429221289081513e-02,-7.952699580293311199e-02,-8.910677076750302822e-03,1.441122115469463567e-02,-3.601014448107948268e-02,-3.047147358248604009e-03,-4.901651149499654248e-02,-8.321372810050880326e-05,-1.488094361995421708e-02,6.886602208535328243e-03,-1.424645024903586910e-02,4.494739235574856523e-02,5.727535707724182995e-02,2.671356652101412529e-02,4.605162689293899186e-02,-3.778416402356511716e-02,-4.765066994880301499e-02,-2.079009666941023307e-02,-1.264241239734390258e-03,7.047869839529392194e-03,-3.879685998743458847e-02,2.965752298673027601e-03,4.560498087591929872e-02,-1.686290255536806310e-02,-7.001230216584970745e-02,-3.276921213751475548e-02,1.068240311444239136e-02,-6.784392641892884532e-03,-1.480780332485474816e-03,-2.594637508442729657e-03,2.531293527412053004e-02,-5.927781383834588441e-02,4.128463960923972088e-03,-6.846013896104971228e-03,-3.011164485727153145e-02,-5.708317531577250525e-02,5.125974751860285644e-02,-5.917383590307292301e-02,-1.080684827671525919e-02,-1.517281596047534951e-02,1.859673425929188675e-02,-1.914097674768915763e-02,-4.041822736774247637e-02,-3.287393044244907997e-02,3.077373201234126152e-02,-1.072969987057604060e-02,1.286187749732607341e-02,4.320840852562473494e-02,-3.134412591598832731e-02,-3.756467289799438058e-02,-7.686562765639727568e-02,4.749139152999671404e-03,3.907763520740512031e-02,6.723052526145281704e-02,7.983437771890931900e-02,9.722040883250122889e-02,1.199175917082790088e-01,1.274690326746783509e-01
1.155100338796826234e-02,-4.248815451598998705e-02,1.117184077187664305e-02,2.243003929228391813e-02,3.160785073053097582e-03,-3.281263632220992113e-03,-5.389623882844464531e-02,4.461229486993854160e-02,-2.052432517454880201e-02,6.104933140946533845e-03,5.023832826280656000e-02,4.666662150694219496e-02,3.784660015702951547e-02,2.146424219214168941e-02,3.370143262356477265e-02,4.704549716435175652e-03,-3.170197608454163735e-02,-3.086826600038194285e-02,-1.553355211144230065e-02,-7.372235708770241702e-03,8.221854963185948328e-02,4.751003081719425841e-02,3.202832539916426746e-02,-2.994571798168180112e-03,-8.497630331651839786e-02,-8.989788743172857921e-02,9.201807705453919628e-02,-1.290343530430028592e-02,-4.496001073215288857e-02,2.529313140808127011e-02,-1.180927525370042974e-02,-2.676832254935497188e-02,-5.186386352581280439e-03,-1.853807987319037575e-03,-9.239303003806622477e-03,2.996919439379589975e-02,-5.847767643175753351e-03,3.705158320432652003e-02,-4.865880599763563324e-02,7.693097061443583684e-02,1.007348547898314767e-01,-1.499448831623898665e-02,-1.594191651053798384e-02,6.947285183688894916e-02,-2.492154756833903778e-02,6.178133676484690029e-02,-1.363326056666935241e-04,5.229825853405428715e-02,-6.008203445582251806e-03,6.866093009420331031e-03,-4.085322965020007913e-02,-9.598371024002295970e-02,-2.911271476334217900e-02,-4.995065531225112432e-02,1.346519860787528076e-02,1.093113480633074036e-01,2.577252452428022839e-02,-5.143348021435452389e-02,-1.556356881396047179e-02,-5.257241419234449237e-02,9.931677246615918525e-03,3.212970355155746194e-02,2.918653296903666455e-02,-7.123412658993399926e-02,-3.223813742998002385e-03,6.551728951018726162e-03,-5.736805524583025312e-02,3.059589371218815815e-02,-4.524299195319416746e-03,6.759847123622615001e-03,-7.363366779796742811e-02,-6.080316151155580606e-02,-1.150415931712698292e-01,-5.445422687075264848e-03,4.606423515775309036e-02,4.694316993679554378e-02,7.742548379267026604e-02,1.004012938897567431e-01,1.050915833902059254e-01,9.946417633750032072e-02
-1.092147887306369261e-02,-1.181512164927148167e-02,1.954086377626280610e-02,-4.547848560478629822e-03,5.396689586281393225e-02,-7.358680313624714996e-03,3.413548129108631007e-02,3.345605012072515316e-02,-2.123578491691165138e-02,4.284072310630829966e-02,-2.411057617892832863e-02,1.562509654997761357e-02,-3.730940717431109610e-03,-5.128195605852402250e-02,3.642657313996897073e-02,-4.843339089862769981e-02,-1.701972441134994712e-02,3.504421689427588554e-02,4.150115422143381416e-02,-1.081519575840956052e-02,3.361751477678935618e-02,-3.396904589592699558e-02,-1.063760924295229088e-01,-5.163183450650746936e-02,-4.656248318209731119e-02,3.258844626313259218e-02,-3.466814796006417038e-02,3.298167465805786069e-02,6.729819820976694345e-02,6.531073319994058768e-02,6.310696296627581192e-02,9.355125068546502618e-04,7.790080218202695417e-02,1.883365928340031623e-02,-3.286270600186118242e-03,-4.600574831358993089e-02,3.343354899255759037e-03,-2.765844370827524878e-02,2.557386147661263893e-03,3.184070405637491608e-02,-7.359078439096603062e-04,-2.959889175857217600e-02,2.276578183848253917e-02,2.114700886573613742e-02,-1.395988916599139387e-02,-1.864053457911539480e-02,5.461921457145477513e-03,-4.579966453257505732e-02,-4.575963528953028159e-02,1.485626116094020122e-02,-5.629753887794367723e-02,-4.787777125027968539e-02,-8.128264509317655387e-03,3.795616900441875496e-02,2.653741948903898251e-02,-1.520334231883077765e-02,3.940333614388649708e-02,5.407645497568952520e-02,-1.181404976374974755e-02,3.945578103185059388e-03,-1.042706150713726236e-02,5.610249588411386767e-02,-4.397097433020454027e-02,2.881985011221123091e-02,-1.148560882905117105e-02,-4.435944259754164704e-02,-3.434457382711819662e-02,5.743853073442373169e-02,1.792354939871884439e-03,2.170102699406858265e-02,2.366219225269210885e-02,3.233192699995934144e-02,-1.023781325832778671e-01,-2.382107108821777605e-02,-2.026918718464976697e-03,4.941008418493193083e-02,8.533388507557235214e-02,1.035940446480165256e-01,1.115548697639173054e-01,1.041788587578539038e-01
-6.267755584079404141e-02,-1.551575730829260306e-02,2.776955793019927898e-02,3.980687080349287060e-02,-3.514186600026772411e-02,1.086239464462848830e-01,-2.958757363624208922e-02,3.859786179574143349e-04,-4.444015642136586730e-02,-8.544210107025820497e-03,2.765331653698889069e-03,-3.597206939237165141e-02,-6.550028915363105553e-02,1.164497266455909695e-02,-3.894145260278892434e-02,8.964373360988230066e-03,-9.992513596082802652e-03,5.468920199540016486e-02,-1.063143630440573778e-02,3.701683346328536739e-02,-1.129734972064227322e-02,-5.410641942696386986e-02,-2.583506043322266951e-02,3.080551900057895004e-02,3.206364586178591519e-02,-8.404819618720227314e-02,2.917308906884725009e-02,-1.111805605551052789e-02,-8.209808127470599043e-03,9.180357743835493300e-02,1.240963341729226822e-03,-3.866166229432071305e-02,-2.394249920218595104e-03,-7.215350215774631037e-02,-2.691385969124943794e-02,2.475879530897029737e-02,5.394130485460879587e-02,-5.060521144465793264e-02,3.849429228083896259e-02,-3.426416654490772873e-02,-4.843851750645818133e-02,2.401108691157795294e-02,3.603776110995585841e-02,1.574809313579121628e-02,1.929635524946322900e-02,-3.018412408535494848e-02,-2.908715352224305190e-02,1.467798525706802935e-03,3.295991738098020402e-02,-7.604600119098431366e-02,-1.168044036777854816e-01,1.563231955271675647e-02,-4.734435856035812927e-03,-7.997755142888571256e-03,-4.707277785802597980e-02,-1.139098152613036291e-02,-5.696251298201612107e-03,1.929672766746075296e-02,-9.550424659278684836e-02,-1.220370266694562611e-01,4.275749489229483530e-02,6.708529273698821127e-02,2.184008079491248089e-02,2.963128005138580823e-02,-4.066884263601670542e-04,2.861366069475571299e-03,3.074247125169880801e-02,1.966753130950348559e-03,-1.775332237617226541e-02,7.646183212998228229e-02,-2.592860023497726984e-02,-9.064933229369055712e-03,-1.523208207481806520e-01,1.276851629251589577e-02,6.219513920860227085e-02,8.485222560808365622e-02,9.488121587232441201e-02,9.663355633223781604e-02,1.127970270169670330e-01,1.185235287253777053e-01
4.432108254079137472e-02,3.987527479747671189e-02,1.551549568340923266e-02,8.176915662801631512e-02,-2.412156298470846325e-02,1.240708618596025187e-02,-1.463530819317210427e-03,1.334895270655623266e-02,2.643406829181702087e-03,6.592100370933053413e-03,-5.366298375552926159e-02,-2.535061106531078141e-03,-2.017095856311468954e-02,3.347003832650460170e-02,4.038415531738640679e-02,-5.386921775149202882e-03,2.303549739368975988e-02,7.928979637231180211e-03,-2.313803256836142325e-02,8.266406931584634188e-02,5.722017869815561840e-03,9.844447678621512376e-02,2.618148037155523604e-04,4.253987022765911424e-02,2.033991897003304544e-02,1.051007099221895960e-02,-6.494254666775564101e-03,7.666619701770333029e-02,1.459932350470584568e-02,1.849778075790493165e-02,3.578298229954551823e-02,6.707185073839916356e-02,-3.122088213500019693e-02,1.841241966937243180e-02,5.824864744000790573e-02,-2.079057668241558396e-02,1.698822303709861259e-02,-7.705674159066336348e-02,3.676200445560193035e-03,-5.285874468478225785e-02,-2.659242443653688642e-02,-4.303839421670185156e-03,-6.438888658921432251e-02,2.623397306869573731e-02,7.916646726634463810e-03,1.102113053739780558e-02,-3.356687476988614444e-02,6.111044102481181378e-02,8.269064115004092635e-03,-1.225456948198922359e-03,1.640814846013761638e-02,5.719045563570079871e-02,5.228454596570371316e-02,2.523467956478477742e-02,-2.061569840381046945e-02,4.974173800428435821e-02,-1.603991878089674247e-03,5.335536705419422626e-04,3.242927066406197214e-04,-9.122642061165501734e-03,-8.716798403201811559e-04,-3.135566264051348716e-03,-6.103477193425039388e-03,-1.956926972994418520e-02,-2.935922761905711276e-02,-2.947215902475136193e-02,2.003676860192271994e-02,-5.898279536282606192e-03,5.244984356146253218e-02,-9.524034763846460274e-04,5.526938677139147521e-02,6.588014448120529942e-02,-1.175083320707582119e-01,-3.656768586673488780e-02,4.540463495268767108e-02,6.302478684784247609e-02,7.702935762100919515e-02,1.092969323753048977e-01,1.146436778265509798e-01,1.123964613905783505e-01
-2.570031035746959264e-02,2.703416752146223928e-02,2.400517108908722247e-02,-2.756474602305910779e-02,1.291584203424369498e-03,6.402725012180913132e-03,-1.312196326084037008e-03,-4.720096086764912630e-02,3.750099829183470290e-02,-2.406493048640162211e-02,4.354126629150868732e-02,1.039060553068096859e-02,-5.223735851020815113e-02,-1.839698560340983710e-02,4.347352605928708758e-03,-1.157285069374646563e-02,6.222897413819532958e-02,4.568722887825839296e-02,-3.857436099323133250e-02,9.060555601395446981e-03,-1.638548803455393971e-02,1.979892747325253874e-02,2.861848697812719930e-02,-2.443007297412719964e-02,-2.201884149190019152e-02,-4.056768750285221631e-02,3.591797715592656010e-02,-9.649894594426362826e-02,4.066904115888553273e-02,2.151570219247825322e-02,-3.219019224755059055e-02,1.353529568911241571e-02,1.908211243147910074e-02,4.948630212683165913e-02,-6.893505331124406832e-03,1.962267040928400083e-02,8.394010839611458497e-02,-1.480034834332718575e-02,2.368196020167671195e-02,5.155823545470977765e-02,-8.706165791912101604e-02,-2.774982948406932992e-02,3.233075484815707556e-02,-4.288029261882694843e-02,3.049136852214674037e-02,-2.585939976779722330e-02,-5.001682895115097671e-02,4.537644242059218902e-02,7.559264101388965366e-03,7.420562036682581963e-02,5.379505210616967320e-02,-7.576738004660542314e-03,1.438417568170497624e-03,1.449171944830546406e-02,3.923287644458475082e-02,1.382368991028871258e-02,1.051919939216347001e-02,5.079262141299305255e-02,-1.596983589799066613e-02,3.361950060154367259e-02,8.749833244974458690e-02,-2.774464985163080724e-02,3.341871826107496724e-02,5.741864866756344818e-03,2.282888363479535984e-02,4.418105695317680465e-03,-1.079895440850275543e-02,7.781825344866645684e-03,-7.206317028841276173e-02,-2.544857552408975182e-02,-1.026285596341855282e-03,-5.694667988764487432e-02,-1.028180209261842781e-01,2.732242006773972706e-02,5.718258431815533699e-02,7.957024262865843023e-02,9.541371795748467000e-02,1.066422483061739285e-01,9.771199515792731993e-02,1.059892392810750789e-01
3.619844051285561748e-02,-3.869506890777521524e-02,2.370449150909539546e-02,2.565782666315498395e-02,3.087392883173546362e-02,-1.310181998146469663e-02,-8.104587053729787882e-03,-4.330966676426475925e-02,6.983860330079408318e-02,2.551770715588816407e-02,6.740060425095145691e-02,-9.304470290153146750e-03,-2.946491115417640156e-03,8.221315735042309010e-04,-3.379102008614558172e-02,9.323061930531217900e-02,4.824193866675697412e-03,-2.900582544712398958e-02,4.788129514670398656e-03,4.334795647890899578e-02,5.759372844385508144e-03,5.652344057807223536e-03,-7.200631829350769009e-02,2.532642131746284594e-02,6.458581784110001278e-02,-1.635354996718994813e-02,-6.102369087788969693e-02,1.762393764538817617e-02,-1.188568934075805335e-02,-1.250625137122996777e-01,-2.329438863809701193e-02,4.717299210570186779e-02,9.940817913481075907e-02,-5.650477434349305411e-02,-1.109941370087509996e-02,-3.047077082076884297e-02,-4.261122897913358770e-02,-8.650662554124678369e-03,3.842605410988660791e-02,3.338507393763820441e-02,3.769662301744611949e-03,2.777287966401362218e-02,2.243166444445718940e-03,-2.077134826556777808e-02,2.365665743893510808e-02,2.559010530253804858e-02,-5.750843281810240348e-04,1.937521613817208554e-02,1.905139271759547642e-02,-4.282137229777865928e-02,1.642693479452962679e-02,-2.513511705356107767e-02,-9.964263969904664509e-03,3.419060433860689890e-02,1.261202650441459053e-03,-4.959772895933913656e-02,3.400403611854031782e-02,3.762148792975412992e-02,1.337387887756608107e-02,1.375000110356788298e-02,-1.628817865589942890e-04,3.326078112109431828e-02,-4.179799693845376307e-02,6.863542345403977896e-02,-1.030122887737915244e-01,-3.509923605918325359e-03,-3.392865998337094013e-02,1.017210774378027593e-01,-1.217721655058791597e-01,1.359951190645586686e-02,2.712726892622658453e-02,-8.618888402778530911e-03,-9.273873786688280330e-02,-1.578726900035948288e-02,3.738711255716003351e-02,4.652699462157044996e-02,5.099047607053441844e-02,9.358658449305759519e-02,1.037727589009984214e-01,1.022679470583848504e-01
5.707808436675259472e-02,1.045614787233965087e-02,-2.122876236717266205e-02,1.550760940745144964e-02,-4.526545907037491517e-02,-2.284320883511663583e-02,3.054124746385407114e-03,-6.709724006100513567e-03,-1.440996974576350641e-02,-5.877735618778603954e-02,-2.691060692885978434e-02,4.128312004157251233e-03,-2.512797463315537619e-03,-3.743402598969154671e-02,-3.718732358949757011e-02,2.675737172594751592e-02,-6.033885560612462819e-03,-4.164441277842206336e-03,8.382422388822067041e-03,5.570037826847566015e-02,-6.712522294640125078e-03,3.560544790826783434e-02,1.118296693660122826e-01,3.959315360827614372e-02,5.486291326139852882e-03,5.013226534733460082e-02,-2.879333939482242588e-02,-6.246498550966280566e-02,-2.643920390829216510e-02,-1.974202849149142569e-02,3.517301826736961897e-03,1.590446071299875253e-02,-6.308974757783379628e-03,7.691881649437316837e-02,1.462294812251118716e-02,-5.138787221785902359e-02,-3.274933306155275448e-02,5.856011851434549760e-04,7.183783775351341994e-02,-2.394883169527195141e-02,7.244877709497866969e-02,-2.365486271137700464e-02,-3.293787415650871204e-03,6.099950058219619220e-02,2.762306647948894328e-02,5.390949769265454203e-03,-3.611904830585838111e-02,4.897414619782318457e-02,-1.690234992781419754e-02,1.066041116666868738e-01,-1.550635884078805683e-03,2.006610179908741715e-02,5.518374765532196857e-02,2.346803246762442507e-02,8.755211697781567493e-03,5.328826360323872784e-04,-3.033273905251896579e-02,-2.728255137426256749e-02,1.130906212706809036e-02,2.077635303874798139e-03,-6.491371922109323567e-02,2.136221002889872149e-03,3.316643886991073320e-02,-6.501478484096315236e-02,-8.099632373923329465e-02,-6.414663905417217205e-02,8.262083362038874501e-02,5.302996868029439051e-03,-9.150343948018448484e-03,-3.954316322798401978e-02,6.456775013887297576e-02,5.369476197442794169e-02,-8.314801287716888645e-02,-4.434728120975704041e-03,1.110201203324562291e-02,2.742016876656963587e-02,6.380110814161449317e-02,9.387419135251687252e-02,9.606727624643696117e-02,1.125286307309113776e-01
1.949080877346659468e-02,9.723442315026580018e-03,-5.362055626188953761e-02,-7.598371436530763912e-02,-4.092884668245765079e-02,1.308223213962608983e-03,-8.291883455502340600e-03,8.253615316303894445e-02,1.402413606041173072e-02,-2.796214416846686326e-02,-8.136836628124627380e-02,6.752804413699567063e-03,2.450329779100601096e-03,-4.196891471931216144e-02,3.856539657372884400e-02,2.735408739959694496e-02,3.167466206092930947e-02,7.349449527536579610e-03,-1.752035253572255605e-02,1.494384316628256069e-02,1.470681180821126199e-02,-2.635833486334094797e-02,-9.981358002882774472e-02,-3.055921654538696752e-03,-1.066698900810582676e-02,-2.644948478383475285e-02,3.516858594203434857e-02,-4.000065164690901238e-03,4.590537303547276293e-02,-1.512677728807763564e-02,2.108755152325086576e-02,4.699322224612661331e-02,3.703498366972354794e-02,-4.412381641484289241e-02,-3.942776655560674415e-02,1.443845019854895009e-02,-1.348432651817506600e-01,-1.775652067291723715e-02,1.790211993575860014e-02,1.368859228682396852e-02,1.327159867635022486e-02,5.599491663526511009e-02,5.264004018467405635e-03,-5.552324374023200060e-02,-3.880936124367250634e-02,-1.469383817810679671e-01,-6.454519190080942447e-04,3.213518330566110526e-02,-3.310020343940222980e-03,1.239077807099967475e-03,5.622419560595781629e-02,-3.929595639572204535e-02,-3.631373380305147336e-02,5.300246455265594098e-03,-2.306304981463645938e-03,3.895845284143579362e-02,-3.488437855709977317e-03,-6.413253646192967894e-02,2.040074047890632172e-04,-6.052347015702863944e-03,-2.311689043139794966e-02,3.424280212985361671e-02,6.117488180706529520e-03,-8.863187066386879476e-02,-1.605988111819861217e-02,1.086580218587486837e-02,8.938252225843771465e-03,1.093072366908877033e-02,1.630992459817974180e-02,-6.734164757746710639e-02,-2.583395590425071123e-02,1.939517397296770806e-02,-1.368788797856053119e-01,3.435054354556769940e-02,6.080781524336048571e-02,5.632949703898217086e-02,7.766238336753683580e-02,9.859003453308767817e-02,1.091517283928812865e-01,1.165501197870765920e-01
-4.852685926361624547e-02,2.700853409683296596e-02,-2.481760487359363151e-02,9.108170962459376588e-03,-2.823322719859440791e-02,2.725369412153380577e-02,-5.353229492803358858e-02,-1.606024613313854904e-02,5.309719213554563166e-02,-2.517444394418322240e-02,6.654312226546835185e-02,3.683642695638368603e-02,-8.971593278331824184e-02,-9.288322695125680872e-03,1.350389118185432377e-02,2.321399053113900809e-02,3.685000812502974010e-02,1.658610073152323380e-02,-7.417119283908096827e-02,-2.455035151303378363e-02,1.522405684945090515e-02,2.740977507542840738e-02,-2.458616575785484148e-02,-4.495768655658158308e-02,-3.127699095911813491e-03,5.327320466987081615e-02,6.594454938790955678e-02,-5.673114688047426607e-02,-3.396652797414982661e-02,-3.728668807513607630e-02,-2.085483164413695634e-02,-3.056771531299836211e-02,-4.443759409546219064e-02,-5.459770845789135851e-03,-7.743243030428698104e-02,-4.475221174761367417e-03,-7.304756015756193148e-03,-1.772815849138517294e-02,-3.268182947464499249e-02,1.854222081737097808e-02,-4.994268571794447525e-02,4.433138930293982483e-02,1.945745858518986918e-02,6.164272199080648995e-02,7.758483957845238588e-02,1.256956211984568486e-02,2.451563397924554077e-02,1.468942010903093696e-02,3.754115993425474057e-02,-5.166769501636954420e-02,6.179638711559005612e-03,-2.457892819355980002e-02,2.421038149159383118e-02,8.088612875563318261e-03,-1.924985255233677833e-02,3.533667524130483257e-03,7.717681936340989660e-03,1.851259093535943118e-02,4.240513777005365526e-02,1.635422138448610133e-02,-2.220216597521667071e-02,4.977387687826703364e-03,-4.285970606897263405e-03,-5.189927879948800019e-03,4.516854948761707400e-02,2.269073413549416857e-02,1.476125962847641554e-02,-3.066400847630840892e-02,-2.599972840103006999e-02,1.085948070333619259e-02,-2.204214427687191391e-02,-1.657956695374964914e-02,-1.595419730891773913e-01,1.384977091111033905e-02,9.297110865480837094e-02,8.793764475960472171e-02,9.141140964348755393e-02,1.028524472302780740e-01,1.154419338813071766e-01,1.212180279995064835e-01
3.402115602143308132e-02,7.071797656009336241e-02,2.012457387572474596e-02,2.231848660359499192e-02,-3.282384164663602194e-02,-5.106498166261878857e-02,-2.549813802079463343e-02,-4.409134550711414635e-02,4.688607014400836964e-02,-5.811865154173852244e-02,-2.831267169703018810e-02,8.501025469657610273e-03,-3.036076909303753180e-02,-2.963380277174115091e-02,-4.818608144268530374e-02,1.022869702408501363e-02,1.087326813550305166e-02,1.496582809704983391e-02,-4.075735127150845009e-03,1.814406837974551212e-02,-3.540023480501529318e-02,-1.374168686740240286e-02,-1.551435029196471596e-02,-6.317844029974594398e-03,4.791530038408953890e-02,4.801712467210207669e-02,9.697880077230380813e-02,2.582039477857444795e-02,4.216364075808357037e-02,4.516863867440006064e-02,4.203519128914834369e-02,1.872603833531910275e-02,2.312683950933972984e-02,9.440242566833194696e-04,3.365994811078928950e-02,-1.385508164996564033e-02,-1.471721222347228270e-02,9.567541003600599572e-03,5.471147837929060675e-02,-7.414548484066757483e-02,6.014678845576865336e-03,-6.551871276365706098e-02,-3.621935336598088029e-02,-8.796096198001498653e-03,-4.758916407651343772e-02,-1.422013397770912832e-02,-1.353820116953606718e-02,6.300557324512780222e-02,-2.611151018027777632e-02,-2.622351668162800631e-02,5.258219726595616747e-03,-6.789710888416898571e-02,-1.225755111686602054e-02,1.032468761084821135e-02,-3.784578421436103710e-03,-2.530432408297499797e-02,-8.050098077332214219e-02,-7.602600441407850185e-02,-6.705757371243136616e-03,1.826542123982712040e-02,1.388445670679660723e-02,1.279738712285876431e-03,4.237398053036788709e-02,3.123212609804983456e-02,-2.419086980100524850e-02,-3.244558040662211262e-02,4.009240864545944583e-02,1.875881028515419063e-04,-2.445255831378722461e-02,6.813620089759474252e-02,-1.062799206971565269e-01,2.393821524057870419e-03,-1.126418134302037272e-01,3.304445208542616808e-02,7.217475226911361508e-02,6.724496904080326520e-02,7.953503370535074113e-02,9.814380919395920833e-02,1.095514755167967397e-01,1.187817175833986438e-01
